{
  "ToyCar": {
    "pipeline": "V1",
    "strategy": "Recon_Max",
    "threshold": 0.0019784984178841114,
    "threshold_percentile": 85.0,
    "ref_value": "1.0",
    "n_frames": 376,
    "score_stats": {
      "mean": 0.0012891002150074065,
      "std": 0.0013616965399471973,
      "min": 0.0005520789418369532,
      "max": 0.04929941147565842,
      "p75": 0.001793641597032547,
      "p80": 0.0018661596113815904,
      "p85": 0.0019784984178841114,
      "p90": 0.0021155267022550106,
      "p95": 0.002433464163914323,
      "p99": 0.0030053605325520046,
      "n_files": 1681
    }
  },
  "ToyTrain": {
    "pipeline": "V2",
    "strategy": "Recon_Max",
    "threshold": 0.18254276067018507,
    "threshold_percentile": 85.0,
    "ref_value": "np.max",
    "n_frames": 376,
    "score_stats": {
      "mean": 0.16557221401673294,
      "std": 0.017382310238224133,
      "min": 0.13230790197849274,
      "max": 0.2759461998939514,
      "p75": 0.1749778464436531,
      "p80": 0.1785217046737671,
      "p85": 0.18254276067018507,
      "p90": 0.1869786858558655,
      "p95": 0.19622835516929626,
      "p99": 0.21775667175650612,
      "n_files": 1682
    }
  },
  "bearing": {
    "pipeline": "V2",
    "strategy": "KNN_Mean",
    "threshold": 15.176109906538402,
    "threshold_percentile": 85.0,
    "ref_value": "np.max",
    "n_frames": 313,
    "score_stats": {
      "mean": 7.8898556984106545,
      "std": 6.499707493721323,
      "min": 9.231209433993274e-06,
      "max": 21.878314378495833,
      "p75": 14.086618286936766,
      "p80": 14.560613399769156,
      "p85": 15.176109906538402,
      "p90": 15.935636920489358,
      "p95": 17.070839009331472,
      "p99": 19.08672997316293,
      "n_files": 1682
    }
  },
  "fan": {
    "pipeline": "V1",
    "strategy": "Recon_Mean",
    "threshold": 0.0034599851351231337,
    "threshold_percentile": 85.0,
    "ref_value": "1.0",
    "n_frames": 313,
    "score_stats": {
      "mean": 0.0023025539035369806,
      "std": 0.0011765987923121498,
      "min": 0.0010934715392068028,
      "max": 0.0074251797050237656,
      "p75": 0.0032802997156977654,
      "p80": 0.003363905707374215,
      "p85": 0.0034599851351231337,
      "p90": 0.0036422333214432,
      "p95": 0.004055362660437822,
      "p99": 0.005208009853959084,
      "n_files": 1681
    }
  },
  "gearbox": {
    "pipeline": "V2",
    "strategy": "Recon_Mean",
    "threshold": 0.23992638438940048,
    "threshold_percentile": 85.0,
    "ref_value": "np.max",
    "n_frames": 313,
    "score_stats": {
      "mean": 0.20944669773618332,
      "std": 0.03174830222178814,
      "min": 0.16715535521507263,
      "max": 0.3714967966079712,
      "p75": 0.22565875574946404,
      "p80": 0.2320052266120911,
      "p85": 0.23992638438940048,
      "p90": 0.25030168890953064,
      "p95": 0.2783769458532333,
      "p99": 0.3128208649158479,
      "n_files": 1682
    }
  },
  "slider": {
    "pipeline": "V2",
    "strategy": "Recon_Mean",
    "threshold": 0.27779423296451566,
    "threshold_percentile": 85.0,
    "ref_value": "np.max",
    "n_frames": 313,
    "score_stats": {
      "mean": 0.2497056648489553,
      "std": 0.027326838298501355,
      "min": 0.2059081792831421,
      "max": 0.36462223529815674,
      "p75": 0.26833055168390274,
      "p80": 0.2727352619171143,
      "p85": 0.27779423296451566,
      "p90": 0.285209059715271,
      "p95": 0.2984016522765159,
      "p99": 0.33141113430261626,
      "n_files": 1682
    }
  },
  "valve": {
    "pipeline": "V1",
    "strategy": "Neg_Recon",
    "threshold": -0.000857913342770189,
    "threshold_percentile": 85.0,
    "ref_value": "1.0",
    "n_frames": 313,
    "score_stats": {
      "mean": -0.002456826415560599,
      "std": 0.0016145212088897562,
      "min": -0.00684141181409359,
      "max": -0.0008214683039113879,
      "p75": -0.0008919394458644092,
      "p80": -0.0008661953033879399,
      "p85": -0.000857913342770189,
      "p90": -0.0008490975596942008,
      "p95": -0.0008214683039113879,
      "p99": -0.0008214683039113879,
      "n_files": 1681
    }
  }
}