{
  "ToyCar": {
    "pipeline": "V1",
    "strategy": "Recon_Max",
    "threshold": 0.0024336648639291525,
    "ref_value": "1.0",
    "n_frames": 376,
    "score_stats": {
      "mean": 0.0012891098609275047,
      "std": 0.0013618454293878816,
      "min": 0.000552081037312746,
      "max": 0.04930625110864639,
      "p90": 0.0021154850255697966,
      "p95": 0.0024336648639291525,
      "p99": 0.0030052991583943375,
      "n_files": 1681
    }
  },
  "ToyTrain": {
    "pipeline": "V2",
    "strategy": "Recon_Max",
    "threshold": 0.19622838497161865,
    "ref_value": "np.max",
    "n_frames": 376,
    "score_stats": {
      "mean": 0.16557220668132183,
      "std": 0.01738226624976988,
      "min": 0.13230764865875244,
      "max": 0.27594679594039917,
      "p90": 0.18697974234819412,
      "p95": 0.19622838497161865,
      "p99": 0.21775619745254532,
      "n_files": 1682
    }
  },
  "bearing": {
    "pipeline": "V2",
    "strategy": "KNN_Mean",
    "threshold": 17.071826602986288,
    "ref_value": "np.max",
    "n_frames": 313,
    "score_stats": {
      "mean": 7.891619941763707,
      "std": 6.498773110696427,
      "min": 0.0024209972470998764,
      "max": 21.879511511553492,
      "p90": 15.936669227177175,
      "p95": 17.071826602986288,
      "p99": 19.087728702730296,
      "n_files": 1682
    }
  },
  "fan": {
    "pipeline": "V1",
    "strategy": "Recon_Mean",
    "threshold": 0.004055349621921778,
    "ref_value": "1.0",
    "n_frames": 313,
    "score_stats": {
      "mean": 0.002302551495796651,
      "std": 0.0011765994220372768,
      "min": 0.0010934718884527683,
      "max": 0.007425146177411079,
      "p90": 0.0036422638222575188,
      "p95": 0.004055349621921778,
      "p99": 0.005207974649965764,
      "n_files": 1681
    }
  },
  "gearbox": {
    "pipeline": "V2",
    "strategy": "Recon_Mean",
    "threshold": 0.2783769637346267,
    "ref_value": "np.max",
    "n_frames": 313,
    "score_stats": {
      "mean": 0.20944669757671788,
      "std": 0.03174829923920366,
      "min": 0.16715550422668457,
      "max": 0.37149664759635925,
      "p90": 0.2503019869327545,
      "p95": 0.2783769637346267,
      "p99": 0.31282036542892466,
      "n_files": 1682
    }
  },
  "slider": {
    "pipeline": "V2",
    "strategy": "Recon_Mean",
    "threshold": 0.2984017506241798,
    "ref_value": "np.max",
    "n_frames": 313,
    "score_stats": {
      "mean": 0.2497056760115374,
      "std": 0.02732683851328022,
      "min": 0.20590804517269135,
      "max": 0.36462128162384033,
      "p90": 0.28520824015140533,
      "p95": 0.2984017506241798,
      "p99": 0.33141100645065324,
      "n_files": 1682
    }
  },
  "valve": {
    "pipeline": "V1",
    "strategy": "Neg_Recon",
    "threshold": -0.0039214439731091261,
    "ref_value": "1.0",
    "n_frames": 313,
    "score_stats": {
      "mean": -0.0024568094943754224,
      "std": 0.001614530729367994,
      "min": -0.006841509602963924,
      "max": -0.0008214439731091261,
      "p90": -0.0008490626933053136,
      "p95": -0.0008214439731091261,
      "p99": -0.0008214439731091261,
      "n_files": 1681
    }
  }
}